AppName,APKName
Acrylic Paint,anupam.acrylic_17.apk
Alarm Klock,com.angrydoughnuts.android.alarmclock_15.apk
Workout Log,com.github.yeriomin.workoutlog_2.apk
Apple Flinger,com.gitlab.ardash.appleflinger.android_1005006.apk
Shana Animated Wallpaper,com.miqote.shanawp_10.apk
Budget,com.notriddle.budget_44.apk
Ensichat,com.nutomic.ensichat_17.apk
Flexible Wallpaper,daniel_32.flexiblewallpaper_2.apk
Tachiyomi,eu.kanade.tachiyomi_41.apk
Polar Clock,eu.polarclock_10.apk
Mighty Knight,io.github.alketii.mightyknight_1.apk
1010! Klooni,io.github.lonamiwebs.klooni_820.apk
Terminal Emulator,jackpal.androidterm_72.apk
ForRunners,net.khertan.forrunners_101030.apk
OsmAnd+,net.osmand.plus_355.apk
AndroSS,net.tedstein.AndroSS_17.apk
Locker,net.zygotelabs.locker_11.apk
Overchat,nya.miku.wishmaster_54.apk
Dialer2,org.dnaq.dialer2_17.apk
Debian Kit,org.dyndns.sven_ola.debian_kit_6.apk
Frozen Bubble,org.jfedor.frozenbubble_54.apk
WiFi Walkie Talkie,org.jsl.wfwt_14.apk
CuprumPDF,org.ninthfloor.copperpdf_4.apk
Tux Paint,org.tuxpaint_923.apk
Gloomy Dungeons 2,org.zamedev.gloomydungeons2.opensource_1602221800.apk
Budget Watch,protect.budgetwatch_29.apk
Free Fall,pt.isec.tp.am_4.apk
Emerald Dialer,ru.henridellal.dialer_10.apk
Talalarmo,trikita.talalarmo_19.apk
Calendar Trigger,uk.co.yahoo.p1rpp.calendartrigger_7.apk